Epoch,Test Accuracy
0,97.99
1,97.82
2,98.02
3,98.11999999999999
4,98.18
5,98.00999999999999
6,97.87
7,98.26
8,98.04
9,98.04
10,98.05
