Epoch,Test Accuracy
0,92.24
1,94.38
2,95.02000000000001
3,95.59
4,96.05
5,95.76
6,95.89999999999999
7,96.16
8,96.27
9,96.39
10,96.38
